serial,I_NH3,I_NO3,I_BOD5,I_COD,I_Turb,I_TSS,I_TDS,I_PH,O_CL2,O_NH3,O_NO3,O_BOD,O_COD,O_Turb,O_TSS,O_TDS,O_PH
1,41.5,1.3,174,322,168,205,687,7.63,0.11,0.41,4.4,2.5,11,0.24,1,680,7.54
306,75,1.8,233,510,227,633,742,7.73,0.22,0.22,1.4,4.2,14,0.73,1,500,8.04
502,79,2.7,390,815,190,198,717,7.52,0.11,0.09,2,2.1,15,0.48,1,465,7.7
443,26,2.6,355,722,95,204,364,7.7,0.12,0.22,2.2,2.1,19,0.47,1,423,7.8
155,45,2.2,311,631,102,250,659,8.19,0.22,0.11,0.9,3.3,16,0.2,1,639,8.35
504,52,1.9,390,815,81,143,623,7.4,0.14,0.09,1,2.1,15,0.23,1,450,7.78
133,49,1.9,338,488,540,850,629,7.32,0.28,0.57,1,1.4,13,0.32,1,511,8.22
206,57,2.1,311,635,90,285,838,8.25,0.3,0.36,1.7,4.1,16,0.27,1,683,8.06
513,59.53,2.5,383,752,127,243,693,7.39,0.12,0.07,1.3,2.1,16,0.39,1,499,7.74
327,81,3.1,720,1176,643,772,793,7.82,0.25,0.3,3.5,3.1,18,0.82,1,531,8.15
249,91,1.8,311,620,187,427,940,7.84,0.28,1.06,4.2,2.8,16,0.71,1,750,8.04
508,34,2.2,410,833,34,94,606,7.45,0.14,0.07,0.6,3.2,12,0.17,1,473,7.77
355,67,2.5,516,1033,907,970,678,7.15,0.24,0.22,2.3,5.1,18,0.28,1,557,7.62
291,35,2.5,322,655,163,366,561,7.72,0.25,0.28,1.5,3.8,16,0.25,1,542,7.78
86,68,1.5,274,416,152,188,638,8.23,0.41,0.41,2.3,1.9,11,0.63,3,658,7.48
12,43,1.8,211,395,124,254,802,8.3,0.5,0.51,2.4,2.4,10,0.41,2,787,7.81
326,81,2.2,720,1176,401,495,761,8.03,0.48,0.27,5.1,3.1,18,0.23,1,534,8.2
80,45.3,1,390,579,130,148,508,7.58,0.18,0.14,2.3,2.5,12,0.19,1,493,7.59
32,45.3,0.9,265,351,181,243,745,7.56,0.25,0.23,3.5,2.3,12,0.26,1,706,7.84
186,67,1.8,273,615,72,192,807,8.08,0.25,0.19,2.9,2.8,12,1.41,1,574,7.89
197,69,1.9,295,605,75,272,748,8.14,0.28,0.41,2,2.8,14,0.45,1,662,7.93
224,88,1.9,355,692,66,208,917,7.96,0.25,0.57,1.3,2.3,12,0.33,1,671,8.19
211,58,2.2,351,685,131,307,739,7.99,0.2,0.23,1,3.8,18,0.34,1,739,7.94
283,35,3.1,304,511,137,308,574,7.72,0.22,0.26,2.1,4.1,18,1.03,1,552,8.01
210,80,2.5,311,635,626,639,791,8.02,0.25,0.28,1,4.1,16,0.27,1,682,7.84
126,74,1.9,338,345,211,587,704,7.66,0.12,0.62,1.1,1.4,15,0.18,1,498,8.21
252,95,2.4,311,620,51,181,866,8.09,0.22,0.38,1.5,2.8,16,0.4,1,700,7.54
78,92,1.9,390,579,148,171,841,8.26,0.19,0.31,2.8,2.5,12,0.37,1,771,8.36
384,46,2.8,335,680,327,547,467,7.45,0.22,0.07,1.4,1.5,19,0.51,1,445,7.86
344,50,2.5,580,960,133,226,797,8,0.45,0.3,2,3.1,16,0.31,1,549,8.32
325,65,1.8,720,1176,422,691,813,7.85,0.45,0.23,6.3,3.1,18,0.47,1,528,8.07
246,91.8,2.2,311,620,161,397,901,7.98,0.23,1.04,3.3,2.8,16,0.76,1,728,8.16
333,82,2.8,580,960,302,556,745,8,0.25,0.16,1.9,2.5,16,0.3,1,526,8.21
142,77,2.8,321,311,450,895,515,6.83,0.19,0.07,1.3,1.7,10,0.27,1,607,8.29
11,41,1.4,211,395,112,196,856,7.26,0.47,0.25,5.1,2.4,10,0.52,1,795,6.99
74,57,1.3,326,541,174,214,852,8.32,0.21,0.11,2.8,2.1,13,0.15,1,706,7.98
402,43,2.6,357,771,230,378,488,7.61,0.22,0.14,2.7,1.9,16,0.48,1,421,7.89
490,50.53,2.1,380,805,185,291,606,7.69,0.11,0.08,1.5,2.1,15,0.21,1,392,7.59
227,83,2.5,361,685,423,768,806,8.47,0.25,0.07,1.6,4.2,18,0.61,1,701,8.33
75,69,1.2,236,541,168,251,621,7.14,0.44,0.19,2.5,2.1,13,0.24,1,624,7.67
179,64,2.2,281,592,102,267,799,7.88,0.3,0.22,2.1,3.8,10,0.26,1,586,7.69
405,27,3.1,357,771,239,321,384,7.64,0.15,0.2,2.8,1.9,16,0.88,1,430,7.78
70,95,1.2,301,522,148,215,548,8.22,0.28,0.23,2.3,2.1,13,0.95,1,514,7.49
157,73,1.9,311,631,115,296,791,8.45,0.31,0.52,1.1,3.3,16,0.53,1,639,8.29
57,52.6,1.4,198,343,137,254,751,7.69,0.35,0.18,2.6,2.3,9,0.54,1,684,7.15
407,31,1.8,357,771,261,338,560,7.4,0.34,0.16,4.8,1.9,16,0.25,1,450,7.85
300,56,2.9,295,588,232,452,810,7.8,0.25,0.29,0.7,5.8,18,0.91,2,528,8.13
79,65,1.4,390,579,152,203,689,7.14,0.32,0.21,2.4,2.5,12,0.48,1,682,7.54
471,61,2.7,275,582,55,144,478,8.06,0.12,0.22,2.4,2.8,18,0.17,1,376,8
319,75,1.9,580,1120,137,318,560,8.15,0.35,0.29,1.8,2.5,16,0.85,1,508,8.18
478,67,1.9,290,615,136,278,591,7.42,0.11,0.05,2.1,2.7,18,0.13,1,337,7.31
92,32,1.8,365,506,203,421,841,7.98,0.23,0.12,2.6,1.9,11,0.41,1,691,8.41
240,102,2.1,392,811,266,573,974,8.02,0.24,0.42,2.9,1.9,15,1.5,1,735,8.31
488,85.74,2.8,380,805,69.1,786,675,7.48,0.1,0.06,1.1,2.1,15,0.14,1,373,7.55
65,65,1.2,301,522,204,236,733,7.63,0.25,0.41,2.4,2.5,11,0.48,1,668,7.48
505,57,3.1,390,815,116,269,606,7.47,0.13,0.07,2.3,2.1,15,0.23,1,457,7.65
72,89,1.6,326,541,182,221,498,7.41,0.63,0.14,2.4,2.1,13,0.47,1,482,7.99
4,94,2.3,174,322,196,263,862,8.26,0.23,0.74,1.9,2.5,11,0.25,1,745,7.54
289,55,2.4,322,655,124,233,836,7.76,0.25,0.28,1.8,3.8,16,0.29,1,534,7.99
343,68,2.1,580,960,1138,1070,607,7.78,0.33,0.53,2,3.1,16,0.26,1,524,8.21
139,93,1.6,255,261,77,188,772,8.6,0.29,0.09,1.4,1.2,12,0.24,1,600,8.09
251,97,2.3,311,620,49,165,2074,7.84,0.25,0.35,2.1,2.8,16,0.43,1,700,8.04
196,78,2.2,266,575,136,348,802,8.18,0.25,0.23,4.8,4.2,16,0.36,1,682,7.88
174,55,2.5,275,605,88,179,914,7.65,0.26,0.12,0.9,1.8,12,0.54,1,575,7.87
84,46,2.1,352,564,174,327,610,8.17,0.34,0.34,3.1,2.3,11,0.68,1,543,7.99
456,23.52,2.5,227,510,228,326,283,7.37,0.12,0.17,2,1.8,16,0.42,1,409,7.86
320,41,2.8,580,1120,38,171,614,8.2,0.4,0.32,2,2.5,16,0.31,1,503,8.07
35,67,1.4,265,351,210,266,768,7.05,0.45,0.23,6.2,2.3,12,0.24,1,628,7.41
428,46,2.8,388,958,182,355,505,7.93,0.18,0.24,1.2,1.9,19,0.25,1,398,7.8
229,73,2.2,361,685,82,243,783,8.13,0.2,0.31,1.5,4.2,18,0.35,1,655,8.25
2,54.25,1.5,174,322,198,261,695,8.22,0.17,0.45,4.2,2.5,11,0.35,1,674,7.89
13,51.4,1.5,211,395,123,196,813,8.2,0.41,0.5,2.6,2.4,10,0.49,2,788,6.78
239,103,2.8,392,811,134,356,976,8.02,0.23,1.4,1.7,1.9,15,2.33,1,783,8.29
24,37,1.5,187,366,117,168,813,6.84,0.24,0.24,4.1,1.8,8,0.51,1,796,6.59
106,54,1.2,248,399,210,325,96,8.52,0.29,0.13,2.6,2.3,9,0.59,1,578,7.84
298,63,2.5,295,588,269,641,757,7.57,0.23,0.31,0.9,5.8,18,0.61,1,520,7.91
103,49,1.5,365,519,196,216,498,7.32,0.19,0.26,3.2,1.9,14,0.45,1,498,7.68
81,52,1.6,390,579,102,135,660,7.65,0.33,0.25,2.4,2.5,12,1.36,1,475,7.69
431,46,2.2,345,820,531,531,428,7.41,0.3,0.22,1.3,2.3,19,0.22,1,397,7.72
433,38,2.8,345,820,131,253,421,7.61,0.18,0.18,1.1,2.3,19,0.34,1,390,7.68
20,71,1.1,203,391,124,231,842,7.21,0.36,0.5,3.4,2.3,10,0.25,1,765,7.35
178,55,1.9,281,592,98,277,760,7.75,0.22,0.31,2.5,3.8,12,0.41,1,760,7.71
233,67,2.1,402,791,61,211,814,8.16,0.26,0.28,1.4,3.8,16,0.65,1,726,8.4
509,57,1.7,410,833,37,104,574,7.66,0.12,0.07,0.6,3.2,12,0.16,1,469,8.2
134,43,2.8,255,415,210,415,661,7.99,0.45,0.75,1,1.2,13,0.35,1,516,8.41
41,48.6,1.4,278,377,93,184,751,7.96,0.41,0.21,1.9,2.1,13,0.84,2,684,7.41
467,18.25,2.5,310,620,4.21,23,323,7.34,0.18,0.11,0.8,1.7,19,0.17,1,371,7.51
48,63,1.1,306,496,148,196,726,7.28,0.17,0.04,5,2.5,13,0.49,1,632,7.51
359,51,2.1,315,642,395,551,646,7.26,0.24,0.22,1.2,3.2,14,0.46,1,569,7.75
279,27,2.2,355,705,157,250,560,7.7,0.25,0.26,1.8,3.8,13,0.24,1,502,7.93
364,41,2.2,315,642,178,372,580,7.53,0.33,0.27,1.5,3.2,14,0.34,1,561,7.63
95,56,2.1,358,501,178,321,638,8,0.41,0.14,1.9,2.1,13,0.46,1,781,7.69
449,25.39,3.1,355,722,74,145,355,7.77,0.18,0.06,2.7,2.2,18,0.27,1,431,7.8
205,68,1.9,311,635,190,451,763,8.54,0.22,0.28,1.2,4.1,16,0.55,1,679,8.06
453,29,2.2,227,510,90,168,368,7.86,0.11,0.13,3,1.8,16,0.29,1,419,7.81
150,45,2.2,219,582,115,257,671,8.48,0.3,0.08,0.6,2.8,14,0.36,1,680,7.97
222,91,2.3,355,692,539,862,774,7.54,0.27,0.27,2.5,2.3,12,0.38,1,687,8.19
71,101,1.8,326,541,241,286,531,8.36,0.48,0.15,2.1,2.1,13,0.54,1,458,7.62
255,37,1.9,355,692,52,94,764,8.09,0.22,0.27,1,4.2,15,1.06,1,719,8.18
400,29,3.1,411,833,161,258,737,7.56,0.21,0.19,1.6,2.1,18,0.52,1,424,7.92
169,61,2.2,275,605,95,189,824,8.34,0.28,0.13,1.2,1.8,12,0.31,1,670,8.19
277,30,3.1,355,705,124,534,534,7.81,0.22,0.26,1.4,3.8,13,0.26,1,508,8.01
510,48.83,2.5,410,833,35,113,630,7.38,0.11,0.08,0.7,3.2,12,0.16,1,469,7.72
514,65.8,1.5,383,752,66,157,694,7.4,0.15,0.05,1.2,2.1,16,0.16,1,466,7.73
322,20,2.2,580,1120,117,222,522,8.33,0.25,0.24,2.3,2.5,16,0.55,1,509,8.05
331,91,2.2,580,960,504,794,762,7.91,0.48,0.38,3.4,2.5,16,0.21,1,528,8.2
175,83,2.2,275,605,255,557,983,7.95,0.26,0.32,1.4,1.8,12,0.87,1,595,7.94
274,53,2.2,310,640,200,331,604,7.84,0.22,0.22,1.2,4.2,17,0.23,1,507,7.87
498,41.01,3.1,415,922,85.3,328,1100,7.64,0.14,0.09,3,2.8,18,0.23,1,474,7.25
184,73,2.3,273,615,105,279,962,7.8,0.3,0.31,1.9,2.8,12,1.19,1,645,7.99
270,54,2.3,310,640,98,225,606,7.81,0.24,0.22,1.2,4.2,17,0.97,1,522,7.91
354,39,2.8,516,1033,614,802,573,7.06,0.28,0.2,2.3,5.1,18,0.2,1,555,7.74
119,84,1.9,302,431,147,184,695,7.58,0.28,0.14,2.6,2.6,12,0.63,2,678,8.23
395,45,2.1,411,833,175,270,505,7.56,0.17,0.18,2.6,2.1,18,0.78,1,436,7.9
334,98,2.5,580,960,1042,919,653,7.98,0.2,0.15,2.3,2.5,16,0.19,1,527,8.23
458,26.77,3.2,272,560,114,219,343,7.74,0.14,0.11,2.1,2.3,18,0.33,1,394,7.75
470,49.2,2.5,310,620,84,183,459,7.71,0.15,0.11,2.5,1.7,19,0.18,1,392,7.85
358,65,2.3,516,1033,1415,1031,558,6.87,0.25,0.26,1.3,5.1,18,0.33,1,562,7.7
88,35,1.5,274,416,135,184,689,7.58,0.28,0.36,2.6,1.9,10,0.63,1,635,7.34
440,31,2.3,370,682,98,173,341,8.27,0.15,0.2,1.1,2.1,19,0.27,1,402,7.8
77,64.5,1.7,390,579,148,196,741,7.36,0.2,0.09,2.1,2.5,12,0.35,2,691,7.77
454,22.1,3.2,227,510,61,138,334,7.6,0.18,0.13,2.6,1.8,16,0.52,1,409,7.83
17,52,0.6,203,391,132,196,739,6.84,0.29,0.65,1.5,2.3,10,0.58,1,756,7.23
212,70,2.1,351,685,103,340,837,7.94,0.22,0.32,1.4,3.8,18,0.39,1,676,7.89
182,88,2.1,281,592,115,234,753,7.42,0.22,0.24,2,3.8,10,0.61,1,617,7.89
399,37,2.2,411,833,177,316,419,7.77,0.15,0.19,1.8,2.1,18,0.43,1,423,7.77
21,18.5,1,203,391,135,195,863,7.8,0.31,0.14,3.7,2.3,10,0.8,2,768,7.88
506,64,2.8,410,833,109,221,669,7.61,0.15,0.08,1.6,3.2,12,0.16,1,456,7.69
342,88,3.4,580,960,89,166,808,7.67,0.3,0.24,2.8,3.1,16,0.2,1,519,8.32
58,84.3,1.5,198,343,89,122,638,7.54,0.24,0.23,5.2,1.9,9,0.67,2,599,7.6
280,27,2.4,355,705,122,304,516,7.79,0.23,0.22,1.8,3.8,13,1.66,1,524,8.01
448,30,2.5,355,722,106,185,380,8.21,0.22,0.1,2.6,2.2,18,0.24,1,426,7.77
516,70.26,2.2,383,752,79,134,706,7.49,0.13,0.05,1.1,2.1,16,0.22,1,509,7.78
156,39,2.2,311,631,98,225,481,8.33,0.28,0.04,1.1,3.3,16,0.43,1,647,8.23
27,28,1.1,187,366,98,127,813,8.41,0.24,0.25,4.5,1.8,8,0.69,2,745,7.65
267,69,2.2,310,640,99,274,779,8.02,0.35,0.32,1.8,4.2,17,0.27,1,617,8.26
44,74,0.8,341,560,122,221,795,6.78,0.36,0.17,6.4,2.1,14,1.2,2,634,6.41
314,73,2.2,330,675,90,156,1013,7.94,0.28,0.2,1.4,5.1,18,0.62,1,486,8.13
414,43,3.1,325,680,349,529,409,7.34,0.16,0.19,1.1,1.1,18,0.51,1,401,7.8
459,48,2.7,272,560,133,223,438,7.79,0.11,0.09,2.7,2.3,18,0.24,1,370,7.74
286,80,2.6,304,511,348,685,609,7.47,0.22,0.21,1.5,4.1,18,0.25,1,500,7.88
128,75,1.9,338,345,125,325,727,8.09,0.38,0.39,1.2,1.4,15,0.23,1,494,8.32
336,98,1.9,580,960,387,678,759,8.15,0.32,0.23,1.9,2.5,16,0.2,1,510,8.18
33,41.3,1.1,265,351,169,251,745,7.22,0.24,0.41,2.4,2.3,12,0.54,1,684,7.65
115,63,2.3,263,418,236,327,610,8.32,0.32,0.24,1.1,1.7,11,0.24,1,581,8.32
257,37,2.5,355,692,105,237,724,8,0.25,0.2,1.1,4.2,15,1.44,1,688,8.2
220,109,1.9,355,692,535,884,899,7.82,0.2,0.36,1.5,2.3,12,0.52,1,672,8.23
418,50,3.1,317,775,380,645,429,7.55,0.13,0.23,1.1,1.7,16,0.53,1,399,7.82
59,44.2,1.3,198,343,102,134,658,7.51,0.38,1.24,2.4,1.9,9,0.41,1,583,7.36
398,42,1.9,411,833,178,266,567,7.59,0.2,0.15,2.5,2.1,18,0.21,1,432,7.78
26,24,1.3,187,366,201,274,743,7.25,0.27,0.51,4.6,1.8,8,0.46,1,688,7.02
19,96,0.8,203,391,121,243,823,7.36,0.23,0.3,3.5,2.3,10,0.84,2,744,7.01
194,71,2.2,266,575,102,384,903,7.8,0.25,0.37,1.5,4.2,16,0.38,1,604,7.98
68,77,1.5,301,522,69,99,584,8.23,0.23,0.25,2.5,2.5,11,1.02,1,689,7.63
288,47,2.8,304,511,141,208,721,7.68,0.33,0.28,1.6,4.1,18,0.28,1,533,8.02
424,38,1.7,388,958,158,269,462,7.64,0.1,0.14,1.3,1.9,19,0.2,1,396,7.82
96,49,1.2,412,622,153,236,841,8.33,0.35,0.36,2.3,2.3,12,0.49,2,721,7.84
313,76,1.9,330,675,114,247,656,7.87,0.3,0.25,1.1,5.1,18,0.61,1,493,8.11
370,94,2.5,455,922,476,321,1124,8.34,0.2,0.23,1.7,2.4,18,0.37,1,536,7.75
25,34,1.2,187,366,119,166,863,6.87,0.26,0.35,4.2,1.8,8,0.48,1,796,6.74
273,24,2.4,310,640,67,109,543,7.68,0.23,0.22,1.3,4.2,17,0.24,1,499,7.98
301,60,1.9,295,588,171,286,618,7.96,0.31,0.26,0.9,5.8,18,0.56,1,512,8.05
375,45,2.5,368,792,94,170,528,7.54,0.28,0.12,2.7,2.1,16,0.76,1,541,7.91
7,67,1.5,205,371,87,125,836,8.15,0.32,0.34,4.1,2.9,12,0.25,1,635,7.68
118,63,1.6,302,431,136,234,775,7.68,0.16,0.21,1.9,2.6,12,0.24,1,714,8.11
47,52,1.2,341,560,108,232,717,7.14,0.19,0.24,4.7,2.1,14,0.42,1,624,7.62
187,67,2.2,273,615,102,201,833,7.94,0.32,0.22,1.7,2.8,12,2.86,1,636,8
18,47,0.4,203,391,127,241,784,7.41,0.23,0.7,1.7,2.3,10,0.68,2,765,7.21
480,80,2.3,290,615,110,269,616,7.53,0.12,0.11,4.1,2.7,18,0.11,1,335,7.16
369,51,1.6,455,922,730,764,1035,7.24,0.26,0.25,1.6,2.4,18,0.35,1,542,7.74
5,69,2.4,174,322,148,241,841,8.12,0.21,0.63,1.6,2.5,11,0.25,1,756,7.62
236,98,2.5,402,791,172,448,1015,7.97,0.23,0.81,1.9,3.8,16,0.43,1,716,8.26
386,36,2.7,335,680,102,173,511,7.77,0.2,0.18,1.3,1.5,19,0.81,1,439,8.05
62,74.5,2.3,288,496,214,241,741,7.41,0.48,0.11,2.8,2.3,10,0.14,1,726,8.16
112,52,1.4,263,418,235,361,924,6.99,0.28,0.41,3,1.7,11,0.62,1,684,7.36
411,48,2.8,325,680,314,540,465,7.4,0.12,0.19,1.4,1.1,18,0.64,1,443,7.86
422,28,3.1,388,958,177,296,389,7.69,0.1,0.2,1.2,1.9,19,0.34,1,398,7.83
31,32.5,1.3,147,320,102,134,632,8.06,0.21,0.44,3.5,1.4,7,0.74,2,583,7.36
276,40,2.5,355,705,136,230,538,7.76,0.23,0.23,1.6,3.8,13,0.32,1,511,7.94
304,70,2.1,233,510,32,663,808,7.83,0.23,0.25,1,4.2,14,0.34,1,515,8.05
28,38,1.3,147,320,99,169,793,8.32,0.36,0.48,4.3,1.4,7,0.41,1,684,7.48
9,57,1.2,205,371,112,124,754,7.14,0.24,0.24,4.2,2.9,12,0.23,1,723,7.02
183,97,2.2,273,615,85,190,855,8.18,0.33,0.28,1.3,2.8,12,0.5,1,586,7.75
469,66.9,2.9,310,620,70.2,150,551,7.43,0.14,0.17,2.6,1.7,19,0.16,1,396,7.28
110,69,0.8,248,399,203,214,564,7.58,0.23,0.14,3.6,2.3,9,0.47,1,541,8.23
39,66.5,1.3,278,377,106,145,762,8.24,0.33,0.41,4.3,2.5,13,0.27,1,648,7.25
159,94,2.6,311,631,285,584,1157,8.13,0.25,0.18,1.6,3.3,16,0.2,1,600,8.28
484,82.59,1.9,290,615,745,994,654,7.63,0.12,0.07,1.7,2.7,18,0.29,1,344,7.35
120,68,2.2,302,431,135,235,635,7.68,0.36,0.05,2.6,2.6,12,0.23,1,621,7.14
116,54,2.4,263,418,241,322,681,7.69,0.34,0.36,2.4,1.7,11,0.23,1,685,8.14
268,42,2.8,310,640,80,105,663,7.74,0.25,0.26,1.6,4.2,17,0.46,1,607,8.22
177,57,2.5,281,592,85,212,756,7.66,0.22,0.45,2.5,3.8,10,2.3,1,807,8.17
423,30,2.8,388,958,176,310,353,7.74,0.11,0.24,1.1,1.9,19,0.23,1,394,7.82
351,55,1.8,422,812,555,555,765,7.4,0.24,0.13,2.4,4.1,16,0.28,1,554,7.88
146,111,2.2,321,311,850,1050,982,7.59,0.28,0.1,0.7,1.7,10,0.56,1,638,8.16
382,31,3.2,335,680,236,427,434,7.59,0.22,0.15,1.2,1.5,19,1.76,3,452,8
393,33,2.5,397,794,79,107,422,7.51,0.4,0.13,2,1.9,17,0.32,1,441,7.97
213,86,2.2,351,685,441,1012,808,7.62,0.23,0.25,1.1,3.8,18,0.37,1,661,7.76
323,76,1.9,580,1120,280,500,644,7.7,0.22,0.27,4.5,2.5,16,0.23,1,514,8.11
497,54.45,2.4,415,922,35.8,116,646,7.5,0.18,0.1,2.3,2.8,18,0.26,1,461,7.54
486,77.06,1.8,382,805,277,522,650,7.6,0.13,0.1,0.8,2.1,15,0.13,1,352,7.45
143,67,2.5,321,311,214,599,643,7.85,0.45,0.07,0.7,1.7,10,0.28,1,643,8.17
378,29,3.2,368,792,175,334,418,7.95,0.2,0.19,2.9,2.1,16,1.09,1,465,7.85
69,36,1.4,301,522,111,214,962,7.81,0.31,0.44,2.4,2.1,13,0.59,2,879,7.36
410,39,3.1,325,680,226,319,453,7.44,0.23,0.2,2.1,1.1,18,0.5,1,448,7.87
170,45,2.5,275,605,88,227,684,8.15,0.35,0.1,0.8,1.8,12,0.23,1,635,8.15
512,88.97,2.4,410,833,193,193,642,7.13,0.1,0.05,0.7,3.2,12,0.19,1,480,7.83
435,24,1.9,345,820,64,120,356,7.79,0.22,0.15,0.9,2.3,19,0.45,1,409,7.89
230,92,1.8,361,685,262,642,896,7.69,0.25,0.39,1.2,4.2,18,0.37,1,671,8.01
195,56,1.8,266,575,57,176,885,8.13,0.31,0.33,1.5,4.2,16,0.35,1,604,7.93
83,48,2.1,352,564,116,305,684,8.22,0.24,0.22,2.9,2.3,11,0.85,1,581,8
111,21,1.6,263,418,105,146,842,7.36,0.33,0.33,4.1,1.7,11,0.68,2,534,7.2
430,34,3.1,345,820,194,333,416,7.74,0.22,0.26,1.3,2.3,19,0.34,1,403,7.74
147,58,1.8,321,311,215,457,575,8.03,0.28,0.1,0.7,1.7,10,0.56,1,638,8.16
94,82,2.1,358,501,168,215,715,7.15,0.25,0.24,1.6,2.1,13,0.26,1,862,7.65
154,54,1.6,219,582,210,533,599,8.53,0.22,0.1,0.7,2.8,14,0.36,1,659,8.15
482,70.09,2.2,290,615,100,293,620,7.52,0.1,0.1,3.1,2.7,18,0.19,1,344,7.29
250,125,2.4,311,620,54,125,950,8.16,0.22,0.53,3.2,2.8,16,0.43,1,709,8.07
85,81,1.6,352,564,216,322,681,8.32,0.12,0.37,2,2.3,11,0.48,1,596,7.58
105,85,2.6,248,399,158,236,852,7.77,0.24,0.09,2.4,2.3,9,0.43,1,524,7.69
167,76,2.2,297,588,85,227,861,8.13,0.25,0.34,0.8,2.2,14,0.38,1,617,8.26
165,65,1.9,297,588,105,225,708,8.22,0.29,0.06,1.2,2.2,14,0.28,1,684,8.26
201,76,2.2,295,605,204,808,912,7.99,0.26,0.4,1.4,2.8,14,1.42,1,712,8.1
247,94,2.8,311,620,549,1003,909,7.72,0.24,0.48,2.8,2.8,16,1.3,1,755,7.98
76,81,1.1,290,579,241,265,685,8.19,0.22,0.05,2.3,2.5,12,0.86,1,674,7.69
318,88,2.5,580,1120,481,795,754,7.8,0.48,0.21,1.5,2.5,16,0.26,1,497,8.17
231,85,2.2,361,685,227,671,1020,7.77,0.25,0.35,0.9,4.2,18,0.5,1,670,8.27
487,60.09,3.1,380,805,290,554,552,7.8,0.11,0.07,1.2,2.1,15,0.27,1,359,7.52
121,64,1.5,211,422,195,475,701,7.9,0.35,0.77,5.8,2.1,10,0.35,1,525,8.06
388,58,3.4,397,794,874,875,479,7.38,0.18,0.12,1.7,1.9,17,0.49,1,454,7.89
444,41,2.9,355,722,141,287,417,7.35,0.15,0.19,2.3,2.2,18,0.22,1,425,7.82
263,53,2.2,295,615,119,320,641,7.96,0.25,0.33,1.3,2.8,14,1.48,1,669,8.19
366,57,2.8,455,922,1229,1022,568,7.28,0.22,0.32,1.9,2.4,18,0.4,1,554,7.64
413,43,2.6,325,680,953,908,386,7.59,0.11,0.26,0.7,1.1,18,0.68,1,404,7.64
337,82,2.5,580,960,506,777,842,8.09,0.24,0.22,2.1,2.5,16,0.5,1,507,8.25
264,78,1.8,295,615,301,700,716,7.73,0.28,0.34,1.2,2.8,14,1.36,1,659,8.25
483,70.55,2.8,290,615,215,278,664,7.66,0.11,0.14,1.3,2.7,18,0.23,1,346,7.38
420,46,1.9,317,775,584,773,410,7.51,0.11,0.26,1.1,1.7,16,0.4,1,402,7.81
396,38,3.5,411,833,221,278,496,7.47,0.24,0.14,2,2.1,18,0.5,1,438,7.83
282,54,2.1,304,511,191,304,602,8,0.24,0.24,2,4.1,18,1.8,1,532,7.95
38,63,1.8,278,377,124,168,720,8.15,0.47,0.35,2.5,2.5,13,0.36,1,624,7.21
198,48,2.1,295,605,79,352,734,7.99,0.25,0.46,1.4,2.8,14,1.31,1,682,8.02
141,43,1.9,321,261,85,172,508,8.2,0.3,0.07,1.1,1.7,12,0.22,1,580,8.31
377,41,3.6,368,792,442,649,451,7.71,0.25,0.21,2.5,2.1,16,0.51,1,471,7.83
496,58.62,1.5,415,922,85,166,1050,7.44,0.13,0.11,2.1,2.8,18,0.25,1,448,7.48
293,70,2.2,322,655,323,557,636,7.5,0.24,0.28,1.3,3.8,16,0.53,1,533,7.9
503,78,2.2,390,815,160,290,668,7.22,0.12,0.03,1.4,2.1,15,0.36,1,463,7.66
61,58.6,1.3,288,496,185,262,841,7.15,0.24,0.24,2.6,2.3,10,0.56,1,784,7.69
466,67.36,2.4,310,620,218,545,515,7.22,0.12,0.09,0.7,1.7,19,0.15,1,357,7.44
113,98,1.6,263,418,246,322,684,7.84,0.27,0.32,2.6,1.7,11,0.54,1,635,7.34
91,71,1.2,325,506,211,362,652,7.69,0.22,0.25,3.6,1.9,11,0.36,1,781,8.12
419,58,2.5,317,775,149,288,500,7.7,0.12,0.26,1.1,1.7,16,0.48,1,400,7.77
8,84,1.4,205,371,89,113,756,7.26,0.21,0.51,2.3,2.9,12,0.24,1,712,7.06
373,30,1.9,368,792,219,378,1293,7.07,0.22,0.18,2.6,2.1,16,2.27,1,549,7.81
356,72,2.2,516,1033,238,580,727,7.54,0.22,0.11,1.8,5.1,18,1.16,1,548,7.74
348,57,1.8,422,812,250,520,638,7.79,0.2,0.11,1.8,4.1,16,0.22,1,549,8.23
160,71,2.8,311,631,102,296,855,8.25,0.29,0.09,1.1,3.3,16,0.23,1,603,8.39
152,80,2.2,219,582,215,425,804,7.9,0.28,0.08,0.7,2.8,14,0.37,1,666,8.36
394,43,2.2,411,833,167,283,462,7.52,0.11,0.22,2.5,2.1,18,0.71,1,455,7.93
40,67.4,1.5,278,377,136,169,762,8.26,0.37,0.23,1.2,2.5,13,0.51,1,685,7.35
324,88,2.5,720,1176,655,924,740,7.82,0.26,0.26,6.2,3.1,18,0.28,1,519,8.08
200,75,1.8,295,605,226,582,856,8.11,0.32,0.27,1.8,2.8,14,0.48,1,688,8.02
452,23.22,2.8,227,510,114,247,350,7.62,0.2,0.03,3.4,1.8,16,0.25,1,427,7.81
148,63,2.1,219,582,115,243,710,7.96,0.35,0.08,0.8,2.8,14,0.36,1,653,8.31
406,41,2.2,357,771,163,237,438,7.8,0.24,0.15,5,1.9,16,0.55,1,442,7.79
149,48,1.6,219,582,108,267,540,8.06,0.28,0.05,1.1,2.8,14,0.89,1,665,8.3
316,83,3.2,330,675,342,677,682,8.1,0.25,0.3,1.1,5.1,18,0.28,1,499,8.32
492,88.86,1.8,415,922,982,1040,765,7.19,0.12,0.09,3.2,2.8,18,0.46,1,415,7.53
125,57,22.2,338,345,138,369,698,7.85,0.3,0.33,1.1,1.4,15,0.18,1,502,8.08
404,33,2.2,357,771,206,295,445,7.59,0.3,0.11,2.1,1.9,16,0.78,1,427,7.91
98,57,1.1,412,622,136,214,487,6.96,0.36,0.33,2.4,2.3,12,0.62,1,681,8.12
145,77,2.1,321,311,151,268,978,8.2,0.19,0.56,1.1,1.7,10,0.25,1,624,8.3
241,82,1.8,392,811,196,315,865,8.11,0.22,0.31,5.1,1.9,15,0.42,1,695,8.06
408,21,3.4,325,680,227,293,962,7.4,0.12,0.22,2.7,1.1,18,0.3,1,451,7.83
99,62,1.9,412,622,124,263,692,7.63,0.5,0.28,0.9,2.3,12,0.51,1,421,8.32
362,43,3.1,315,642,395,282,631,7.37,0.25,0.16,2.7,3.2,14,0.44,1,575,7.77
124,65,2.5,211,422,145,322,674,7.94,0.25,0.24,0.9,2.1,10,0.19,1,504,8.23
185,57,2.5,273,615,91,271,814,7.79,0.33,0.16,3.3,2.8,12,0.48,1,590,7.86
204,78,2.1,311,635,100,328,969,8.04,0.25,0.32,1.1,4.1,16,0.33,1,682,8.09
248,90,2.3,311,620,125,322,873,7.89,0.22,0.46,2.5,2.8,16,1.19,1,755,7.96
485,85.74,2.2,382,805,161,280,648,7.62,0.1,0.1,1.3,2.1,15,0.14,1,343,7.44
307,68,2.2,233,510,250,467,769,7.66,0.27,0.26,1.4,4.2,14,0.4,1,500,8.16
363,40,2.4,315,642,105,115,606,7.66,0.25,0.3,1.5,3.2,14,0.32,1,562,7.72
309,54,2.5,233,510,78,186,68,8,0.25,0.25,0.8,4.2,14,0.42,1,486,8.04
409,36,2.6,325,680,360,467,439,7.48,0.18,0.16,2.7,1.1,18,0.19,1,453,7.83
292,55,1.3,322,655,155,347,584,7.55,0.22,0.33,1.5,3.8,16,0.22,1,549,7.92
127,94,2.2,338,345,154,373,760,8.18,0.29,0.28,1.5,1.4,15,0.2,1,503,8.35
312,85,2.3,330,675,278,537,638,7.93,0.24,0.27,1.4,5.1,18,0.36,1,490,8.05
225,83,2.5,361,685,327,1092,995,7.98,0.22,0.51,1.3,4.2,18,0.37,1,671,8.25
442,31,1.6,370,682,111,187,407,7.84,0.16,0.12,2,2.1,19,0.43,1,441,7.95
221,84,2.2,355,692,336,1096,768,8.16,0.27,0.23,1.6,2.3,12,0.46,1,685,8.19
131,45,2.1,338,488,210,331,798,7.91,0.4,0.35,1,1.4,13,0.24,1,489,8.1
434,20,3.2,345,820,68,125,383,7.69,0.2,0.17,1.2,2.3,19,0.29,1,406,7.79
494,69.15,3,415,922,68.1,187,641,7.75,0.13,0.11,1.4,2.8,18,0.13,1,429,7.53
338,78,2.8,580,960,252,478,804,7.82,0.25,0.28,2.3,2.5,16,0.27,1,523,8.24
390,43,3.8,397,794,315,465,436,7.26,0.18,0.17,1.6,1.9,17,0.69,1,460,7.92
299,66,2.6,295,588,178,396,790,7.72,0.2,0.32,1.1,5.8,18,0.36,1,513,7.84
367,54,2.1,455,922,521,709,582,7.51,0.17,0.31,1.8,2.4,18,0.89,1,546,7.78
303,61,2.5,233,510,226,361,1224,7.89,0.25,0.24,0.9,4.2,14,0.37,1,534,8.09
296,65,2.2,295,588,284,642,713,7.49,0.33,0.39,0.4,5.8,18,0.75,1,534,7.91
379,30,2.8,368,792,165,178,456,7.8,0.17,0.19,1.9,2.1,16,1.06,1,466,7.97
350,55,2.1,422,812,254,355,645,7.54,0.3,0.18,2.4,4.1,16,0.27,1,549,7.69
114,62,1.9,263,418,214,305,840,7.9,0.22,0.25,0.8,1.7,11,0.36,1,578,7.68
181,76,1.9,281,592,115,362,900,8.12,0.35,0.09,2.5,3.8,10,0.39,1,607,7.83
455,38.45,2.8,227,510,103,140,400,8.01,0.11,0.11,2.6,1.8,16,0.32,1,408,7.81
349,55,2.2,422,812,163,254,680,7.83,0.2,0.17,1,4.1,16,0.35,1,541,8.36
340,90,3.1,580,960,395,396,793,7.75,0.37,0.29,2.7,3.1,16,0.39,1,530,8.04
500,83.3,2.4,390,815,85,213,757,7.44,0.16,0.15,3,2.1,15,0.41,1,441,7.63
372,46,2.6,455,922,202,185,698,7.91,0.28,0.16,2.4,2.4,18,1.15,1,552,7.89
235,88,2.2,402,791,69,222,908,8.07,0.22,0.57,1.9,3.8,16,0.52,1,731,8.39
463,52.81,2.5,272,560,125,277,452,7.92,0.18,0.09,0.6,2.3,18,0.29,1,359,7.87
475,59,2.7,275,582,281,457,885,7.34,0.2,0.09,2.1,2.8,18,0.48,1,358,7.08
166,61,2.1,297,588,95,178,853,8.3,0.45,0.06,2.5,2.2,14,0.7,1,978,8.12
138,44,1.9,255,261,84,129,694,8.6,0.4,0.05,0.8,1.2,12,0.29,1,560,8.12
199,62,2.2,295,605,215,427,799,7.84,0.18,0.27,1.7,2.8,14,2.44,1,717,8.09
260,62,1.9,295,615,311,707,704,7.7,0.35,0.31,1.2,2.8,14,1.8,1,676,8.18
234,91,1.8,402,791,93,241,907,7.93,0.2,0.6,1.3,3.8,16,0.51,1,722,8.31
117,81,1.5,263,418,96,188,638,7.48,0.47,0.48,2.9,1.7,11,0.41,1,644,8.32
122,53,1.8,211,422,208,806,652,7.88,0.27,1.4,4.5,2.1,10,0.26,1,534,8.17
371,39,2.2,455,922,116,180,583,7.64,0.25,0.31,1.1,2.4,18,0.43,1,540,7.82
226,77,2.1,361,685,185,700,897,8.01,0.46,1.7,1.1,4.2,18,0.46,1,672,8.25
416,40,1.8,317,775,229,447,403,7.73,0.11,0.21,1.3,1.7,16,0.34,1,398,7.84
357,49,1.6,516,1033,504,678,568,7.2,0.3,0.21,2,5.1,18,0.27,1,549,7.66
129,61,2.2,338,345,112,211,577,7.87,0.27,0.2,0.7,1.4,15,0.19,1,485,8.35
287,39,3.2,304,511,115,175,637,7.55,0.2,0.25,1.5,4.1,18,0.52,1,520,8
425,42,2.1,388,958,314,508,410,7.48,0.1,0.23,0.9,1.9,19,0.22,1,398,7.82
109,49,1.1,248,399,69,119,635,7.88,0.44,0.32,3.7,2.3,9,0.25,1,625,8.11
383,46,3.5,335,680,409,577,476,7.54,0.3,0.16,1.4,1.5,19,1.63,2,445,7.93
335,79,2.1,580,960,399,724,719,8.03,0.32,0.34,1.3,2.5,16,0.77,1,513,8.21
135,76,2.1,255,415,158,343,926,7.77,0.32,0.15,1,1.2,13,0.43,1,524,8.35
376,17,2.4,368,792,52,80,1059,7.53,0.22,0.2,1.1,2.1,16,0.49,1,476,7.73
46,53,0.9,341,560,130,215,758,7.04,0.14,0.23,4.2,2.1,14,1.5,1,615,7.25
477,67,2.4,275,582,234,400,1069,7.05,0.13,0.1,2.8,2.8,18,0.13,1,333,7.33
67,69,1.1,301,522,96,104,569,6.96,0.46,0.68,2.6,2.5,11,0.63,1,547,7.64
285,29,1.8,304,511,149,272,569,7.82,0.25,0.2,2.1,4.1,18,0.5,1,535,7.99
87,74,1.4,274,416,124,234,758,7.68,0.25,0.19,2.3,1.9,10,0.54,1,741,7.34
244,92,2.5,392,811,104,299,949,8.05,0.26,0.66,6.8,1.9,15,0.52,1,737,8.18
188,72,1.9,273,615,88,186,798,7.92,0.55,0.23,1.2,2.8,12,1.26,1,606,7.94
397,43,2.5,411,833,128,271,501,7.5,0.12,0.17,2.6,2.1,18,0.23,1,439,7.81
161,31,2.2,311,631,115,315,435,8.17,0.23,0.1,1.3,3.3,16,0.23,1,621,8.32
14,35.6,0.5,211,395,141,175,820,8.41,0.43,0.41,2.1,2.4,10,0.52,2,754,7.14
37,52,1.2,265,351,184,204,721,7.68,0.25,0.25,4.1,2.5,12,0.25,1,635,7.52
30,65,1.8,147,320,112,154,821,7.49,0.41,0.51,3.2,1.4,7,0.41,1,757,7.03
172,54,1.9,275,605,65,183,649,7.85,0.26,0.06,1,1.8,12,0.25,1,634,8.14
144,62,1.9,321,311,480,989,607,7.57,0.4,0.17,0.8,1.7,10,0.29,1,604,8.14
412,38,3.8,325,680,144,234,426,7.65,0.2,0.22,1.5,1.1,18,0.22,1,409,7.69
438,37,2.2,370,682,77,170,414,7.64,0.12,0.19,0.7,2.1,19,0.23,1,385,7.83
223,86,2.1,355,692,118,365,865,8.22,0.23,0.61,1.6,2.3,12,0.31,1,682,8.22
97,56,1.8,412,622,114,215,568,7.62,0.2,0.08,2.8,2.3,12,0.52,1,625,8.12
53,24.8,2.3,306,496,165,215,864,7.54,0.35,0.12,4.3,2.5,13,0.36,1,745,7.24
242,94,2.2,392,811,60,265,864,8.06,0.21,0.36,5.5,1.9,15,0.55,1,830,8.22
385,32,2.6,335,680,129,153,490,8.43,0.15,0.25,1.2,1.5,19,2.04,4,438,7.87
353,46,1.9,516,1033,87,146,669,7.39,0.25,0.2,2.3,5.1,18,0.35,1,547,7.49
392,35,3.1,397,794,143,170,456,7.69,0.22,0.2,1.3,1.9,17,0.33,1,434,7.77
180,61,2.5,281,592,156,326,819,8.05,0.28,0.02,1.9,3.8,10,0.86,1,619,7.89
43,63,1.5,341,560,107,286,768,8.25,0.25,0.25,2.6,2.1,14,1.2,2,635,7.63
451,20,2.6,227,510,162,302,334,7.65,0.1,0.1,3.3,1.8,16,0.24,1,429,7.78
401,36,2.8,357,771,370,561,409,7.82,0.25,0.19,2.2,1.9,16,0.19,1,413,7.91
208,58,2.5,311,635,203,598,862,7.78,0.22,0.32,1.4,4.1,16,0.4,1,666,8.02
284,35,2.6,304,511,226,433,580,7.73,0.31,0.3,2.3,4.1,18,0.35,1,557,8.05
360,50,2.5,315,642,483,504,1057,7.2,0.3,0.26,1.2,3.2,14,0.35,1,566,7.7
256,62,2.5,355,692,32,93,724,8,0.23,0.3,1.5,4.2,15,1.2,1,724,8.25
426,38,2.2,388,958,173,246,417,7.74,0.15,0.16,1.3,1.9,19,1.38,1,408,7.8
6,54,2.1,205,371,135,235,821,7.25,0.14,0.51,4.3,2.9,12,0.36,1,715,6.88
258,89,2.2,355,692,83,234,938,7.69,0.22,0.18,1,4.2,15,0.56,1,669,8.31
464,75.17,2.9,310,620,776,921,489,8.04,0.12,0.07,1,1.7,19,0.3,1,364,7.57
102,68,1.3,365,519,202,324,506,7.75,0.27,0.17,1.9,1.9,14,0.25,1,599,8.14
228,99,2.1,361,685,700,1113,797,8.45,0.22,0.37,1.3,4.2,18,0.31,1,665,8.26
441,32,2.5,370,682,221,433,411,7.7,0.22,0.17,1.4,2.1,19,0.17,1,422,7.88
215,104,2.5,351,685,1224,1324,801,7.6,0.25,0.16,1.3,3.8,18,0.33,1,667,8.09
436,48,3.3,370,682,146,256,438,7.65,0.15,0.12,1.1,2.1,19,0.24,1,410,7.9
173,66,2.2,275,605,101,287,823,7.84,0.22,0.05,1,1.8,12,0.31,1,575,8.09
100,66,1.2,365,519,185,254,812,8.03,0.19,0.35,1.2,1.9,14,0.42,1,628,7.68
294,55,2.3,322,655,162,351,748,8.02,0.23,0.34,0.8,3.8,16,0.63,1,534,7.86
217,83,2.3,351,478,137,457,923,8.18,0.23,0.2,1.8,3.8,13,0.32,1,667,8.19
63,84,2.1,288,496,184,233,568,7.33,1.23,0.23,2.4,2.3,10,0.55,1,596,7.51
49,24.2,1.7,306,496,126,204,756,7.36,0.24,0.08,6.3,2.5,13,0.36,2,604,7.24
34,25.3,2.3,265,351,204,269,724,7.34,0.21,0.25,5.1,2.3,12,0.62,1,654,7.25
269,54,1.9,310,640,58,225,654,7.53,0.2,0.22,1.3,4.2,17,0.19,1,533,7.98
329,101,2.1,720,1176,418,591,844,8.17,0.25,0.14,2.4,3.1,18,0.23,1,532,8.19
202,39,2.5,295,605,72,393,576,7.78,0.22,0.34,1.5,2.8,14,1.34,1,717,8.1
462,59.32,3.1,272,560,153,288,480,7.95,0.14,0.1,0.8,2.3,18,0.32,1,358,7.75
29,35.4,1.4,147,320,101,131,842,8.14,0.39,0.63,3.1,1.4,7,0.63,2,802,7.95
427,31,3.1,388,958,418,591,367,7.68,0.1,0.16,1.5,1.9,19,0.68,1,400,7.84
232,89,2.5,402,791,83,265,866,7.91,0.24,0.29,1.4,3.8,16,0.46,1,688,8.19
262,50,2.3,295,615,138,356,640,7.96,0.3,0.33,1.2,2.8,14,0.52,1,665,8.18
380,43,1.9,335,680,548,737,479,7.6,0.22,0.15,1.7,1.5,19,1.06,1,463,7.95
290,39,1.9,322,655,92,199,676,7.68,0.22,0.23,2.3,3.8,16,0.28,1,548,7.96
164,62,1.8,297,588,105,332,745,8.01,0.28,0.1,1.8,2.2,14,0.22,1,595,8.39
439,37,3.1,370,682,68,164,429,7.65,0.18,0.18,0.7,2.1,19,0.33,1,390,7.81
140,62,1.1,255,261,102,244,894,8.24,0.25,0.08,1.1,1.2,12,0.2,1,603,8.14
64,58,2.1,301,522,165,224,787,7.51,0.22,0.35,2.9,2.5,11,0.54,1,748,7.63
137,51,2.2,255,415,135,268,581,8.19,0.25,0.13,1,1.2,13,0.29,1,543,8.13
130,40,1.8,338,488,215,598,648,8.03,0.1,0.26,0.9,1.4,13,0.19,1,490,8.31
495,56.87,2.2,415,922,194,203,1155,7.72,0.15,0.11,2,2.8,18,0.21,1,430,7.4
10,58,1.3,205,371,134,178,782,7.41,0.24,0.36,5.3,2.9,12,0.41,1,763,7.12
328,85,1.8,720,1176,317,587,889,8.07,0.3,0.21,2.1,3.1,18,0.67,1,518,8.12
481,70.5,1.4,290,615,158,186,836,7.51,0.15,0.13,3.8,2.7,18,0.21,1,343,7.44
66,58,1.8,301,522,58,95,714,7.14,0.14,0.25,2.1,2.5,11,0.69,1,689,7.84
302,71,2.1,295,588,245,509,838,7.45,0.25,0.32,1.1,5.8,18,0.6,1,512,7.75
16,35,0.7,211,395,109,155,786,7.14,0.28,0.24,5.4,2.4,10,0.47,1,754,7.02
158,77,2.1,311,631,280,580,805,8.02,0.25,0.05,1.2,3.3,16,0.51,1,659,8.43
42,51.4,1.2,278,377,103,199,806,7.88,0.25,0.51,2.7,2.1,13,0.25,1,718,7.25
381,53,2.1,335,680,764,833,470,7.56,0.15,0.12,1.6,1.5,19,1.13,2,463,7.92
479,85,2.7,290,615,185,447,552,7.39,0.1,0.12,3.2,2.7,18,0.12,1,336,7.28
417,42,2.5,317,775,225,405,447,7.64,0.2,0.21,1.1,1.7,16,0.31,1,403,7.8
218,93,2.8,355,692,220,593,869,8.27,0.28,0.33,1.5,2.3,12,0.31,1,664,8.05
281,51,1.9,355,705,158,234,583,8.06,0.28,0.24,1.9,3.8,13,0.91,1,535,8.01
450,27,1.9,227,510,105,194,365,7.57,0.22,0.11,2.6,1.8,16,0.34,1,424,7.73
446,27,3.3,355,722,49,122,365,7.63,0.2,0.13,2.5,2.2,18,0.36,1,425,7.76
339,82,2.2,580,960,288,572,815,7.88,0.33,0.29,2.7,3.1,16,0.34,1,515,8.2
238,95,1.9,402,791,118,313,928,8.16,0.25,0.4,2.2,3.8,16,0.87,1,738,8.27
209,69,1.8,311,635,212,609,744,7.91,0.22,0.29,1.1,4.1,16,0.35,1,686,7.85
214,80,1.9,351,685,154,594,855,8.03,0.25,0.16,1.5,3.8,18,0.28,1,696,8.24
297,65,3.1,295,588,306,864,686,7.56,0.25,0.29,0.8,5.8,18,0.99,1,522,7.86
473,55,2.2,275,582,1113,904,1179,6.52,0.12,0.24,2.3,2.8,18,0.25,1,353,7.37
253,106,2.5,355,692,49,179,1751,7.73,0.23,0.34,2.5,4.2,15,0.44,1,700,8.13
507,38,2.9,410,833,47,146,546,7.26,0.11,0.07,0.7,3.2,12,0.53,1,479,7.77
474,76,2.1,275,582,1050,1042,525,7.3,0.1,0.06,2.2,2.8,18,0.37,1,350,7.27
305,63,2.5,233,510,249,513,777,7.84,0.28,0.23,1.2,4.2,14,0.96,1,509,8.09
352,47,2.4,516,1033,225,415,627,7.53,0.28,0.14,1.9,5.1,18,0.35,1,554,7.79
271,18,2.5,310,640,43,83,524,7.56,0.45,0.27,1,4.2,17,0.65,1,573,8.18
203,71,1.9,295,605,86,376,1005,8.15,0.23,0.42,1.2,2.8,14,0.52,1,693,8.01
163,59,2.2,297,588,151,316,731,7.88,0.42,0.09,1.5,2.2,14,1.07,1,731,8.37
45,71,1.5,341,560,135,235,793,7.61,0.27,0.05,5.4,2.1,14,1.32,2,627,7.14
219,75,2.2,355,692,309,620,815,8,0.24,0.25,1.5,2.3,12,0.25,1,678,8.26
403,27,1.8,357,771,197,309,390,7.74,0.21,0.15,2.2,1.9,16,0.38,1,427,7.95
192,64,1.9,266,530,156,338,860,8.15,0.28,0.22,0.9,2.1,10,0.38,1,621,8.07
311,69,1.8,330,675,199,350,586,7.95,0.28,0.31,1.5,5.1,18,0.7,1,494,8.07
261,35,1.8,295,615,50,139,536,8.03,0.22,0.33,1.6,2.8,14,0.51,1,665,8.2
107,56,1.3,248,399,124,221,591,8.19,0.35,0.21,3.5,2.3,9,0.42,1,543,7.6
55,28.3,1.8,198,343,152,248,672,6.84,0.38,0.24,5.4,2.3,9,1.51,3,578,7.14
391,64,3.2,397,794,317,357,641,7.01,0.1,0.18,1.2,1.9,17,0.27,1,432,7.81
3,65.8,2.1,174,322,213,241,741,8.14,0.24,0.56,5.3,2.5,11,0.41,1,625,7.84
457,25,2.1,272,560,93.1,171,362,7.86,0.12,0.09,1.6,2.3,18,0.29,1,396,7.73
501,95,1.8,390,815,227,264,943,7.47,0.13,0.13,3,2.1,15,0.28,1,474,7.76
51,33.4,1.4,306,496,168,235,781,7.64,0.28,0.04,2.5,2.5,13,0.24,1,625,7.41
421,28,2.2,317,775,183,273,1634,7.51,0.1,0.2,1.2,1.7,16,0.55,1,402,7.89
82,69,1.5,390,579,101,148,674,7.48,0.24,0.23,2.6,2.5,12,1.25,1,689,7.92
207,73,1.9,311,635,94,277,919,8.07,0.2,0.18,1.6,4.1,16,0.25,1,678,8.09
36,49.6,2.1,265,351,231,301,795,6.84,0.14,0.14,3.5,2.5,12,0.41,1,634,7.32
432,35,2.6,345,820,130,241,440,7.57,0.2,0.2,0.9,2.3,19,0.2,1,408,7.79
265,78,2.2,295,615,82,328,818,7.93,0.25,0.36,1.5,2.8,14,0.54,1,631,8.28
429,28,1.8,345,820,210,335,423,7.48,0.1,0.19,1.8,2.3,19,0.42,1,397,7.74
489,78.87,2.2,380,805,592,812,838,7.58,0.12,0.09,1.5,2.1,15,0.17,1,379,7.5
368,71,3.3,455,922,529,764,656,7.37,0.2,0.27,1.5,2.4,18,0.52,1,539,7.74
93,75,2.3,358,501,204,362,695,8.23,0.24,0.36,2.8,2.1,13,0.42,1,784,7.84
341,77,2.8,580,960,667,862,668,7.66,0.24,0.16,2.5,3.1,16,0.18,1,528,8.21
491,59.08,2.9,380,805,157,203,560,7.77,0.14,0.11,3.2,2.1,15,0.24,1,412,7.5
54,24.1,1.5,198,343,163,236,684,7.62,0.41,0.14,2.4,2.5,9,1.02,3,615,7.35
347,55,2.1,422,812,176,311,642,7.75,0.22,0.13,1.6,4.1,16,0.33,1,546,8.27
266,44,2.3,295,615,72,154,643,8.15,0.21,0.28,1.6,2.8,14,0.35,1,624,8.32
243,94,2.5,392,811,124,322,911,8.1,0.23,0.4,6.5,1.9,15,0.87,1,784,8.16
15,54,0.4,211,395,132,204,871,6.88,0.36,0.36,5.2,2.4,10,0.32,1,789,6.48
317,77,2.8,580,1120,302,609,608,7.87,0.45,0.23,1.2,2.5,16,0.63,1,507,8.06
90,38,1.8,274,416,96,235,714,8.25,0.24,0.15,2.3,1.9,10,0.68,2,698,7.63
389,52,2.9,397,794,532,741,456,7.31,0.2,0.17,2,1.9,17,0.51,1,449,7.88
275,33,1.8,355,705,146,212,585,7.76,0.25,0.21,1.4,3.8,13,0.38,1,513,7.97
168,63,1.8,297,588,105,531,753,8.48,0.27,0.17,0.8,2.2,14,0.27,1,630,8.24
330,69,2.5,720,1176,645,799,1074,7.87,0.4,0.83,5.8,3.1,18,0.39,1,540,8.29
511,74.78,2.4,410,833,179,323,760,7.58,0.13,0.05,0.6,3.2,12,0.22,1,453,7.73
136,109,1.6,255,415,210,434,913,8.52,0.51,0.12,1.1,1.2,13,1.04,1,578,8.21
308,64,2.3,233,510,182,302,779,7.93,0.23,0.19,1.4,4.2,14,0.31,1,496,8.06
499,60.94,2.9,390,815,40.6,119,851,7.57,0.15,0.14,3.4,2.1,15,0.26,1,447,7.64
321,55,3.1,580,1120,50,131,528,7.96,0.33,0.24,2.2,2.5,16,0.28,1,505,8.17
245,72,1.9,392,811,36,119,804,8.18,0.26,0.63,5.8,1.9,15,1.17,1,762,8.19
56,24.36,2.1,198,343,139,236,648,8.25,0.24,0.23,2.4,2.3,9,1.2,3,569,7.54
365,40,2.5,315,642,509,701,574,7.24,0.22,0.27,1.7,3.2,14,0.26,1,555,7.57
52,32,1.6,306,496,184,214,765,7.65,0.42,0.05,4.2,2.5,13,0.47,1,654,7.26
472,66,1.9,275,582,250,550,473,7.81,0.1,0.08,3.2,2.8,18,0.3,1,364,7.85
176,78,2.1,281,592,55,198,922,7.68,0.28,0.38,1.1,3.8,10,0.46,1,608,7.94
447,32,2.8,355,722,55,129,378,7.59,0.25,0.07,2.8,2.2,18,0.27,1,424,7.72
191,40,2.1,266,530,45,92,903,8.08,0.25,0.24,1.3,2.1,10,1.89,1,630,8.17
515,72.55,2.4,383,752,67,135,780,7.54,0.11,0.11,1.3,2.1,16,0.2,1,488,7.8
465,78.16,2.7,310,620,298,489,558,7.65,0.13,0.11,0.4,1.7,19,0.15,1,367,7.51
189,70,1.8,273,615,225,420,777,7.97,0.41,0.26,2.2,2.8,12,0.38,1,614,7.96
171,70,2.3,275,605,210,461,798,8.01,0.22,0.13,0.7,1.8,12,0.26,1,590,8.06
60,66.5,1.1,288,496,192,251,691,8.22,0.35,0.36,3.5,2.3,10,0.25,1,698,7.59
476,55,3.2,275,582,110,239,436,7.33,0.12,0.34,1.7,2.8,18,0.17,1,342,7.28
50,28.6,1.4,306,496,209,268,777,8.25,0.18,0.06,2.7,2.5,13,0.41,1,635,7.62
346,65,2.2,422,812,262,432,708,7.84,0.1,0.42,1.1,4.1,16,0.27,1,539,8.12
237,99,2.2,402,791,57,257,966,7.96,0.27,0.54,2.3,3.8,16,0.81,1,724,8.27
254,42,2.2,355,692,32,91,817,7.86,0.21,0.33,1.5,4.2,15,1.2,1,714,8.22
23,62,1.6,187,366,112,158,820,8.07,0.28,0.26,3.8,1.8,8,0.51,1,732,7.55
315,63,2.1,330,675,53,140,631,7.81,0.2,0.29,1.5,5.1,18,0.33,1,493,8.06
461,57.08,2.2,272,560,230,379,471,7.79,0.13,0.14,1.2,2.3,18,0.32,1,365,7.62
162,59,1.8,297,588,122,404,760,8.07,0.24,0.05,1.1,2.2,14,0.37,1,760,8.14
278,33,2.8,355,705,129,194,578,7.71,0.26,0.19,2,3.8,13,0.35,1,512,7.99
445,34,2.6,355,722,55,120,409,7.63,0.3,0.14,2.7,2.2,18,0.34,1,431,7.76
193,88,1.9,266,560,108,260,853,8.23,0.32,0.25,1.2,2.1,10,0.34,1,638,8.04
387,38,3.2,397,794,189,182,499,8.51,0.4,0.06,2.1,1.9,17,1.56,1,450,7.92
295,59,1.8,322,655,132,357,760,7.88,0.22,0.31,0.8,3.8,16,1.22,1,559,7.95
415,42,2.2,317,775,431,701,385,7.49,0.14,0.22,1.2,1.7,16,0.46,1,407,7.9
493,55.35,2.6,415,922,251,480,605,7.38,0.15,0.1,2.9,2.8,18,0.42,1,426,7.47
345,51,1.8,422,812,240,351,676,7.93,0.22,0.48,1.2,4.1,16,0.29,1,544,8.13
259,85,2.1,355,692,68,190,875,7.86,0.45,0.14,1,4.2,15,1.5,1,679,8.22
310,67,1.9,330,675,150,372,645,8.01,0.33,0.27,1.7,5.1,18,0.64,1,498,8.21
151,58,2.3,219,582,151,351,666,7.52,0.25,0.08,0.6,2.8,14,0.26,1,668,8.18
132,64,1.6,338,488,198,398,830,7.75,0.28,0.12,1,1.4,13,0.25,1,509,8.16
153,38,2.1,219,582,95,110,563,8.45,0.5,0.16,0.9,2.8,14,0.97,1,655,8.21
361,50,1.9,315,642,157,231,613,7.19,0.22,0.25,1.1,3.2,14,0.75,1,574,7.74
101,74,0.9,365,519,231,266,692,7.91,0.33,0.26,1.6,1.9,14,0,1,718,7.96
374,57,3.2,368,792,493,788,608,7.66,0.39,0.34,2.9,2.1,16,1.22,1,563,7.94
89,29,1.6,274,416,98,354,685,7.84,0.23,0.25,2.4,1.9,10,0.45,1,688,7.06
460,53.85,2.8,272,560,783,864,459,7.78,0.12,0.15,2.2,2.3,18,0.23,1,365,7.72
332,82,3.1,580,960,548,788,659,7.85,0.46,0.19,3.3,2.5,16,0.28,1,537,8.23
216,91,1.8,351,478,145,473,952,8.15,0.22,0.21,1.3,3.8,13,0.3,1,661,8.07
468,18.65,3.1,310,620,9.94,31,320,7.47,0.12,0.11,1.9,1.7,19,0.16,1,392,7.48
123,63,2.1,211,422,188,452,844,8.01,0.4,0.76,1.7,2.1,10,0.23,1,502,8.1
517,62.43,1.8,383,752,79,161,712,7.67,0.12,0.07,1.1,2.1,16,0.19,1,506,7.62
22,17.6,1.1,203,391,130,178,841,8.21,0.14,0.17,3.2,2.3,10,0.36,1,788,7.65
190,78,2.2,266,530,102,216,950,7.97,0.33,0.27,1.6,2.1,10,1.99,1,628,8.09
73,78,1.5,326,541,215,235,741,7.18,0.33,0.14,1.6,2.1,13,0.63,1,662,8.23
108,57,1.2,248,399,124,215,753,7.68,0.41,0.24,3.6,2.3,9,0.3,1,631,8.12
272,14,2.6,310,640,79,125,547,7.63,0.25,0.2,1.2,4.2,17,0.48,1,503,7.86
437,26,2.5,370,682,92,195,378,7.62,0.23,0.15,1,2.1,19,0.18,1,385,7.76
104,43,1.4,248,399,215,328,741,7.68,0.25,0.19,2.6,2.3,9,0.35,1,467,7.54